time,predators_mean,predators_ci_lower,predators_ci_upper,prey_mean,prey_ci_lower,prey_ci_upper,prey_predator_ratio_mean,prey_predator_ratio_ci_lower,prey_predator_ratio_ci_upper,predator_growth_rate_mean,predator_growth_rate_ci_lower,predator_growth_rate_ci_upper,prey_growth_rate_mean,prey_growth_rate_ci_lower,prey_growth_rate_ci_upper,predator_gender_ratio_mean,predator_gender_ratio_ci_lower,predator_gender_ratio_ci_upper,prey_gender_ratio_mean,prey_gender_ratio_ci_lower,prey_gender_ratio_ci_upper,total_biomass_mean,total_biomass_ci_lower,total_biomass_ci_upper
0.0,100.0,,,500.0,,,5.0,,,0.0,,,0.0,,,1.0,,,1.0,,,600.0,,
0.5,89.43333333333334,84.39038766540698,94.4762790012597,287.43333333333334,275.51427780865214,299.35238885801454,3.3154885814597965,3.0158899326449307,3.6150872302746624,-0.10566666666666666,-0.1560961233459303,-0.055237209987403064,-0.4251333333333333,-0.44897144438269576,-0.40129522228397096,1.0086455921717155,0.9674703131475184,1.0498208711959125,0.9883893236930597,0.95398536927724,1.0227932781088795,376.8666666666667,365.8241100440295,387.90922328930384
1.0,73.56666666666666,68.28073443260499,78.85259890072834,190.03333333333333,178.39437381649648,201.67229285017018,2.6892684324520886,2.4185607741801873,2.959976090723989,-0.17322331863299115,-0.2181002344810983,-0.1283464027848841,-0.338120335854876,-0.3688631236311036,-0.3073775480786483,0.9855246122072825,0.9117111827741599,1.0593380416404048,1.0016338567796608,0.954727520919915,1.0485401926394067,263.6,252.20352691514697,274.99647308485305
1.5,58.56666666666667,54.33559525515015,62.79773807818319,139.76666666666668,133.63044229482406,145.9028910385093,2.5044032243091077,2.2436599650746465,2.765146483543568,-0.19599905684253435,-0.24371612971325904,-0.14828198397180978,-0.2541930222195024,-0.2899538241909919,-0.21843222024801293,0.9918156629344079,0.9054042269137673,1.078227098955049,0.9772856752916479,0.9041499876437726,1.0504213629395232,198.33333333333334,191.94629026456255,204.72037640210414
2.0,48.1,43.887529965094835,52.31247003490517,114.2,106.00944866406206,122.39055133593794,2.529349126610351,2.190828872728071,2.867869380492632,-0.17253080819024397,-0.2287689315019334,-0.11629268487855458,-0.17989464646311518,-0.23432297326504925,-0.1254663196611811,1.019878023624342,0.8773853712419113,1.162370676006773,1.0260126288325937,0.9461941324612544,1.105831125203933,162.3,153.29802480058459,171.30197519941544
2.5,39.56666666666667,35.60678446997009,43.52654886336325,99.7,91.9897720296086,107.4102279703914,2.6955569424685977,2.3460173551805017,3.0450965297566945,-0.1739061052084837,-0.21706461327550622,-0.1307475971414612,-0.12402902718487634,-0.162334791238189,-0.08572326313156367,1.032027525747295,0.9101476194545979,1.1539074320399922,1.0254033602458348,0.9271805547761373,1.1236261657155326,139.26666666666668,130.43737729169894,148.09595604163442
3.0,32.733333333333334,29.138437481658762,36.328229185007906,85.46666666666667,77.91611978646817,93.01721354686516,2.844251725390806,2.440456433002428,3.248047017779183,-0.1662184176599795,-0.21959784308455318,-0.11283899223540586,-0.1394909428972306,-0.18585146301122796,-0.09313042278323314,1.0582919276572527,0.9072362567141916,1.2093475986003137,1.0251335928223377,0.9356290228525601,1.1146381627921154,118.2,110.03355188699649,126.36644811300351
3.5,28.466666666666665,25.801396133086044,31.131937200247286,76.5,68.17937099800477,84.82062900199523,2.856774651016673,2.4477607804626147,3.2657885215707316,-0.10813015980790404,-0.1633843082304972,-0.05287601138531089,-0.10406722544812,-0.16301500007744926,-0.04511945081879073,1.0578743097860746,0.9215879392351904,1.1941606803369582,1.0287582464376317,0.9373115358778054,1.1202049569974581,104.96666666666667,96.33923575974215,113.59409757359118
4.0,23.466666666666665,21.370968158607795,25.562365174725535,70.46666666666667,64.30226023157132,76.63107310176201,3.1043037301663245,2.773372453539447,3.435235006793202,-0.1553612367407325,-0.22034825451945847,-0.09037421896200656,-0.052846219247400975,-0.10851185567377641,0.002819417178974451,1.1835234672734674,0.9953575887423542,1.3716893458045805,1.0328268362460167,0.9535074578303234,1.11214621466171,93.93333333333334,86.62074215348454,101.24592451318213
4.5,21.6,19.114190687929916,24.085809312070086,66.86666666666666,59.66818676701236,74.06514656632096,3.330964583110592,2.814039789465755,3.84788937675543,-0.07110180083571696,-0.15120555635223493,0.00900195468080102,-0.05012606751355051,-0.11147239459956243,0.011220259572461422,1.1117415917415916,0.9260462053178787,1.297436978165305,1.0786728149213036,0.9877045541447422,1.169641075697865,88.46666666666667,80.2671193211632,96.66621401217014
5.0,19.533333333333335,16.99748114383572,22.06918552283095,67.73333333333333,60.9799568668389,74.48670979982778,3.808268083171771,3.2288297938568236,4.387706372486717,-0.08684074473396917,-0.1567674712550547,-0.016914018212883644,0.028626521758569952,-0.03147012307249192,0.08872316658963181,1.128995459877813,0.9361197704505998,1.321871149305026,1.0109583880764992,0.9217147457749931,1.100202030378005,87.26666666666667,79.4181306187644,95.11520271456894
5.5,17.5,15.151130983405002,19.848869016594996,66.4,58.715100120653055,74.08489987934695,4.15824065955857,3.534725312393518,4.781756006723621,-0.08993017159102498,-0.1608313952650965,-0.019028947916953504,-0.008075228951087681,-0.0799121961306434,0.06376173822846803,1.1467652717652717,0.9090141365135398,1.3845164070170035,1.0283097857456864,0.9260085831799676,1.1306109883114053,83.9,75.28826186864517,92.51173813135485
6.0,16.466666666666665,14.159134393199862,18.774198940133466,63.0,56.357118904639364,69.64288109536064,4.259862782017587,3.580210892249102,4.939514671786071,-0.043768469366133704,-0.12788323673149268,0.04034629799922528,-0.03153851649288058,-0.09149144170750885,0.02841440872174769,1.1982887482887483,0.9597780566512875,1.4367994399262096,1.0265221178300699,0.9325984802966805,1.1204457553634597,79.46666666666667,72.00000336245724,86.9333299708761
6.5,15.266666666666667,12.960801886328724,17.57253144700461,61.5,55.45291132074697,67.54708867925304,4.652884660216468,3.8608762709911657,5.444893049441771,-0.07056418880996299,-0.1280418309216028,-0.013086546698323182,0.0012888629187680245,-0.07414937437700142,0.07672710021453746,1.2365612165612165,0.9755658794144878,1.4975565537079456,1.0412277889646362,0.9186622042400633,1.1637933736892092,76.76666666666667,70.16904349115893,83.3642898421744
7.0,14.466666666666667,12.289942386552916,16.643390946780418,61.6,54.09296414122367,69.10703585877633,4.885176872115087,4.071476140293975,5.698877603936199,-0.033897505875766745,-0.09926775279734625,0.031472741045812755,0.0008553778336007021,-0.06865941860419399,0.07037017427139537,1.2873485773485773,1.0207416218305356,1.553955532866619,1.1085125703150793,0.9754694135563939,1.2415557270737647,76.06666666666666,68.26544334362247,83.86788998971086
7.5,15.3,12.710830002909791,17.88916999709021,56.36666666666667,49.99005805191123,62.74327528142211,4.403311708124065,3.702871091847209,5.10375232440092,0.06215020267369171,-0.034841004404085406,0.15914140975146882,-0.05376200966429099,-0.13858221997507064,0.03105820064648867,1.269812534959594,1.0157669921404178,1.52385807777877,1.0869680524541079,0.9565842422587154,1.2173518626495003,71.66666666666667,64.60943488635344,78.7238984469799
8.0,15.8,13.027449138066661,18.57255086193334,54.63333333333333,47.04610177238275,62.22056489428392,4.128559694483036,3.3645269092638515,4.892592479702218,0.04117469920959623,-0.022181732980236117,0.10453113139942857,-0.03141557177409113,-0.09694725609308381,0.03411611254490156,1.2372844455739194,0.9486036959031379,1.5259651952447004,1.0812250334270972,0.9347650819381087,1.2276849849160851,70.43333333333334,61.86618922395484,79.00047744271184
8.5,14.033333333333333,11.929049066972246,16.13761759969442,54.833333333333336,48.71877303275064,60.94789363391603,4.476761285011285,3.7700442386501325,5.183478331372436,-0.07260667275198167,-0.14364535106660253,-0.001567994437360845,0.044125029644030735,-0.04496072567086623,0.13321078495892769,1.2803342953342953,0.8558524184030312,1.7048161722655604,1.0554563795819951,0.9128766635634087,1.1980360956005816,68.86666666666666,61.79283099981344,75.94050233351987
9.0,13.566666666666666,11.802426851669866,15.330906481663467,55.86666666666667,50.544430221526206,61.18890311180713,4.550232599071609,3.8846122765762665,5.215852921566951,0.01388637007115268,-0.08004235324223229,0.10781509338453764,0.04245965605829246,-0.03301939531390128,0.1179387074304862,1.2119781144781145,0.9380799985179374,1.4858762304382909,1.1045968026561999,0.9283717808686203,1.28082182444378,69.43333333333334,63.15612349646331,75.71054317020337
9.5,13.233333333333333,11.455519458339815,15.01114720832685,54.0,49.126444382797814,58.873555617202186,4.646988968633706,3.8874219179566056,5.406556019310808,-0.013900068369882612,-0.07624468491581118,0.04844454817604596,-0.016079087403317437,-0.07601334111622407,0.04385516630958919,1.1777597402597404,0.9309119590240291,1.4246075214954517,1.07868411186169,0.9453334533187262,1.2120347704046546,67.23333333333333,61.875128375338114,72.59153829132855
10.0,13.066666666666666,11.160306086996666,14.973027246336667,55.9,51.07268630665061,60.72731369334939,4.841168096845847,4.119168567652698,5.563167626038993,-0.00021754804649541383,-0.0779093556224343,0.07747425952944346,0.05714315753060088,-0.024783744892634692,0.13907005995383645,1.137008177008177,0.876683160613537,1.3973331934028166,1.0987990561996643,0.9641965314162753,1.2334015809830539,68.96666666666667,63.24583374729623,74.6874995860371
10.5,13.633333333333333,11.499552556910045,15.767114109756621,58.96666666666667,53.82290434102457,64.11042899230877,5.082802360606156,4.1779065858038855,5.987698135408426,0.050884982451478614,-0.026892801360559694,0.12866276626351694,0.06945864719430057,-0.0022704981161580373,0.14118779250475919,1.1827893865393866,0.8136846380230087,1.551894135055764,1.0557843682289865,0.9262954238550887,1.1852733126028838,72.6,66.83886993442736,78.36113006557262
11.0,13.733333333333333,11.61436293777534,15.852303728891325,57.166666666666664,51.9850934631881,62.34823987014523,4.817032008419579,4.008513977281987,5.625550039557173,0.030651994773946954,-0.04121810377117995,0.10252209331907386,-0.021286272463046527,-0.08535786451546098,0.04278531958936793,1.1762758537758538,0.7884596862878419,1.5640920212638652,1.0315245214949533,0.9291415213048994,1.1339075216850072,70.9,65.21553355777972,76.58446644222029
11.5,13.9,11.923268959475768,15.876731040524232,53.03333333333333,46.7769919209815,59.28967474568516,4.37772050881159,3.583202495715064,5.172238521908117,0.03539370759958995,-0.026221523568842588,0.0970089387680225,-0.06508386434430354,-0.13372670609145842,0.0035589774028513543,1.1508417508417508,0.8063345159695604,1.495348985713941,1.0085147331456583,0.8995960828550029,1.1174333834363137,66.93333333333334,60.50232895298004,73.36433771368664
12.0,14.0,11.82489612867045,16.17510387132955,55.8,49.4114013861116,62.188598613888395,4.5577185907487765,3.8061924064004873,5.309244775097067,0.027921268941193043,-0.07938246284407013,0.13522500072645618,0.06764544324262044,0.0006312428558339078,0.13465964362940697,1.241588319088319,0.8075816765686745,1.675594961607964,1.0249202965663788,0.8942826434346502,1.1555579496981079,69.8,62.63052169923563,76.96947830076437
12.5,14.133333333333333,11.802994022943144,16.46367264372352,58.2,52.93437536183528,63.465624638164726,4.910920965744495,3.9909031211022103,5.83093881038678,0.006356872401764044,-0.04196394275365144,0.05467768755717951,0.07298072642560817,0.008600590130763253,0.13736086272045311,1.2549771524771525,0.800569728322086,1.7093845766322193,1.0587029174658313,0.9276366865583618,1.1897691483733008,72.33333333333333,66.26118485528274,78.40548181138392
13.0,13.566666666666666,11.564959634708437,15.568373698624896,57.4,51.13435383587261,63.66564616412739,4.9449289572083694,3.994965643547593,5.894892270869146,-0.004528947087770621,-0.10246598901327857,0.09340809483773733,-0.014031228749867144,-0.07428196206490996,0.046219504565175665,1.2879497354497356,0.851580544160035,1.724318926739436,1.0473592440551267,0.9085655078452077,1.1861529802650457,70.96666666666667,64.17031889045494,77.7630144428784
13.5,12.933333333333334,10.991984627469702,14.874682039196966,57.733333333333334,50.584988397041705,64.88167826962496,5.24431484516397,4.120112620052954,6.368517070274983,-0.04078717578717579,-0.08052872726680536,-0.0010456243075462196,0.014968605905016474,-0.058992648339015546,0.0889298601490485,1.2396079846079846,0.7830641013163059,1.6961518678996632,0.9888128200407803,0.8774583116767924,1.1001673284047675,70.66666666666667,63.044125298450936,78.2892080348824
14.0,12.233333333333333,10.426015352849983,14.040651313816682,58.833333333333336,51.50291285212635,66.16375381454033,5.436771169443584,4.51523214705815,6.358310191829016,-0.01873866988418072,-0.10186103227355037,0.06438369250518891,0.03505356939768344,-0.04304596646695141,0.11315310526231828,,,,1.0030715259040979,0.8894628818248888,1.116680169983307,71.06666666666666,63.42233210757567,78.71100122575766
14.5,12.333333333333334,10.415907688594192,14.250758978072476,57.53333333333333,51.93289943106191,63.13376723560475,5.3719115633821515,4.405580957785963,6.3382421689783435,0.02638500069534552,-0.06467631014267256,0.1174463115333636,0.014146032325881833,-0.062303420230559854,0.09059548488232351,,,,1.0075109952134875,0.8913093316633814,1.1237126587635933,69.86666666666666,63.829936334794915,75.90339699853841
15.0,12.4,10.346324776272082,14.453675223727918,58.1,51.539159677573195,64.66084032242681,5.376327993901524,4.5570097363491415,6.195646251453906,0.030830375957150807,-0.06812715226721351,0.12978790418151515,0.00669076693199165,-0.03383371599879344,0.04721524986277674,,,,1.0052211857632913,0.8750160747670932,1.13542629675949,70.5,63.142301208340015,77.85769879165998
15.5,12.8,10.940969622720083,14.659030377279919,61.5,54.453392950215004,68.546607049785,5.49184449561048,4.543256150013583,6.440432841207379,0.060689408630585105,-0.025946227438441306,0.14732504469961155,0.09482811509067052,-0.018834246870558652,0.2084904770518997,,,,0.9877617227125075,0.8546230770500772,1.1209003683749377,74.3,66.37330769954502,82.22669230045497
16.0,12.833333333333334,10.980304230987464,14.686362435679204,62.93333333333333,55.0737782395192,70.79288842714746,5.659387203210732,4.605876148016061,6.712898258405404,0.017809757614744827,-0.0603069971241858,0.09592651235367544,0.026377394611293035,-0.02672145294541026,0.07947624216799633,,,,1.0543918691308578,0.8928623196259595,1.215921418635756,75.76666666666667,67.11519420935028,84.41813912398305
16.5,12.033333333333333,10.143310212807195,13.923356453859471,59.9,52.13310902261213,67.66689097738787,5.928523036875978,4.522790241152054,7.3342558325999,-0.05351160277630866,-0.12240857552482662,0.015385369972209295,-0.043278221785448746,-0.10816087839423867,0.021604434823341165,,,,1.0542828905404336,0.9545592060009574,1.1540065750799098,71.93333333333334,63.27394514361647,80.5927215230502
17.0,12.166666666666666,9.860489139527454,14.472844193805878,62.266666666666666,55.138528408158415,69.39480492517491,6.486885955553975,4.8784645934673545,8.095307317640595,-0.004932539682539682,-0.0630552034657982,0.05319012410071883,0.07470776585096933,-0.010866040055671627,0.16028157175761035,,,,1.0872333148309865,0.9760085018279893,1.1984581278339839,74.43333333333334,66.2016277741582,82.66503889250848
17.5,12.733333333333333,10.094896282493092,15.371770384173573,59.53333333333333,52.79720786986464,66.26945879680203,6.267743009971339,4.416245208109859,8.119240811832817,0.04211248421525636,-0.021576484155743425,0.10580145258625615,-0.026330140723085912,-0.086694313096359,0.034034031650187174,,,,1.1241354797261314,0.9773577672223951,1.270913192229868,72.26666666666667,64.56968052405573,79.9636528092776
18.0,12.966666666666667,10.395510018025234,15.5378233153081,61.233333333333334,54.905013177343164,67.5616534893235,6.505766111115476,4.223285940167031,8.78824628206392,0.05032276398065872,-0.04845515618442305,0.14910068414574046,0.05070314246580291,-0.02822153851850282,0.12962782345010865,,,,1.0251731094804237,0.8954810509249166,1.1548651680359308,74.2,67.28588173246024,81.11411826753977
18.5,13.466666666666667,10.810431178635984,16.12290215469735,62.46666666666667,56.36734064827145,68.56599268506189,6.66256514011739,3.7361018260110925,9.58902845422369,0.0599603911483382,-0.03465375875219923,0.1545745410488756,0.036313134673145016,-0.030764449690449884,0.10339071903673991,,,,1.0001983622151998,0.8621243984046246,1.138272326025775,75.93333333333334,69.1522480158685,82.71441865079818
19.0,13.2,10.761447048480457,15.638552951519541,61.93333333333333,55.83463797524362,68.03202869142304,6.627903026289754,3.724412311942461,9.531393740637046,0.004018793887977718,-0.05395939442693501,0.06199698220289043,-0.0012771900050652036,-0.05462431943802921,0.0520699394278988,,,,0.9815110009707012,0.8554040121703266,1.107617989771076,75.13333333333334,68.31209389736719,81.95457276929949
19.5,13.3,10.869841063744992,15.730158936255009,60.56666666666667,53.96685760915778,67.16647572417556,6.96882004054958,3.426267932443723,10.511372148655434,0.0075396182976274475,-0.05194849936340717,0.06702773595866207,-0.005686152425406122,-0.07765821791602043,0.0662859130652082,,,,1.0150302665102624,0.8685125031432264,1.1615480298772984,73.86666666666666,67.14697783214363,80.58635550118969
20.0,13.666666666666666,11.212521701730832,16.1208116316025,61.6,53.48896473577389,69.71103526422611,7.185638750776682,2.83159973326769,11.539677768285674,0.05453290966398383,-0.026657396514850613,0.13572321584281824,0.02147887567884478,-0.04665307844586315,0.08961082980355271,,,,1.025408012143042,0.9172544526049222,1.1335615716811618,75.26666666666667,67.2232921714619,83.31004116187142
20.5,13.466666666666667,10.5980885919436,16.335244741389733,61.266666666666666,52.1866321143374,70.34670121899593,7.668430077232709,2.6049638004904283,12.731896353974989,-0.013007881645812678,-0.09315213211065008,0.06713636881902472,0.0050352579468547565,-0.06536077838107317,0.07543129427478269,,,,0.9933463767352715,0.9005924432165431,1.086100310254,74.73333333333333,65.67238133497594,83.79428533169073
21.0,13.9,10.530985717136577,17.269014282863424,65.23333333333333,54.60660407523495,75.86006259143171,8.29514064362068,2.2305967743967665,14.359684512844591,0.05210309573467468,-0.03418656639360499,0.13839275786295435,0.0697903768391392,0.012907348857383524,0.12667340482089484,,,,0.999904605485821,0.8973143296609194,1.1024948813107227,79.13333333333334,68.56874805161922,89.69791861504746
21.5,12.833333333333334,10.651424486747963,15.015242179918705,63.56666666666667,52.844448201478414,74.28888513185493,8.337188096627568,1.9476629108925998,14.726713282362535,-0.009279747475754737,-0.07944877563499307,0.0608892806834836,-0.015382046023217981,-0.07155352267773664,0.04078943063130068,,,,1.0331527196748806,0.908885630867399,1.1574198084823626,76.4,65.99182433479646,86.80817566520355
22.0,12.9,10.578722092252365,15.221277907747636,63.63333333333333,51.3629415663759,75.90372510029077,8.973512862809862,1.7521560712330961,16.19486965438663,0.004684425485789508,-0.06519967121917329,0.07456852219075231,0.0035767566678576545,-0.06393307730313065,0.07108659063884597,,,,1.0034791762798747,0.8779820676357603,1.1289762849239895,76.53333333333333,64.89922870432498,88.16743796234168
22.5,12.533333333333333,10.246732123132517,14.81993454353415,63.2,50.64800605686045,75.75199394313955,8.99812900077219,1.674476541143652,16.321781460400732,-0.0021205973713446765,-0.0828361811103989,0.07859498636770954,0.004340182103317125,-0.06036628287978552,0.06904664708641978,,,,0.9742753116398348,0.8722552122374886,1.076295411042181,75.73333333333333,63.45297334001265,88.01369332665402
23.0,13.066666666666666,10.433702169817757,15.699631163515576,64.66666666666667,51.404689978621064,77.92864335471228,9.496250952750954,1.5217029665930903,17.470798938908818,0.03726049893232555,-0.023985084720271617,0.09850608258492272,0.05436539046531562,-0.035457219795269355,0.1441880007259006,,,,1.0042430413365944,0.9129997502178386,1.09548633245535,77.73333333333333,64.93796140410039,90.52870526256628
23.5,12.6,9.998880137819771,15.201119862180228,65.56666666666666,50.7988618686327,80.33447146470063,10.310834129153095,1.6784955469061753,18.943172711400017,-0.027380665630665633,-0.09329059238193124,0.03852926112059998,0.01592427627674759,-0.05031645623015757,0.08216500878365274,,,,1.0014729550445651,0.9280662630668203,1.07487964702231,78.16666666666667,64.10587138141405,92.2274619519193
24.0,11.8,9.324268858558579,14.275731141441423,65.5,48.3180701111182,82.6819298888818,11.24084274276296,1.5151336685061203,20.966551817019802,-0.052198406638061814,-0.11860889610636988,0.01421208283024624,-0.012895982972714009,-0.07978070435085603,0.05398873840542802,,,,0.9899331138008048,0.9003333770746729,1.0795328505269368,77.3,60.895272195468955,93.70472780453105
24.5,11.8,9.567302189866648,14.032697810133353,68.16666666666667,50.30091684713908,86.03241648619426,11.515559194111425,1.3544631135373741,21.676655274685473,0.05767436267436267,-0.08003443184089014,0.19538315718961546,0.06273780109270691,-0.005819386408312824,0.13129498859372662,,,,1.0319645946352425,0.9365939093855745,1.1273352798849103,79.96666666666667,62.78816969170305,97.14516364163029
25.0,12.1,9.75194990403186,14.448050095968139,66.6,47.22735427417691,85.97264572582307,11.667643027302022,0.84160287374395,22.493683180860096,0.03815111612525405,-0.03619219193055278,0.1124944241810609,-0.0245246161819747,-0.09677367463449105,0.04772444227054165,,,,1.019643007615082,0.9162385660900998,1.1230474491400642,78.7,60.03686651317835,97.36313348682165
25.5,12.333333333333334,9.620502177613066,15.046164489053602,68.8,48.851486711126725,88.74851328887327,12.209027128100656,1.3464238052718205,23.071630450929497,0.004358791842807189,-0.06198530700796681,0.07070289069358118,0.03690282013439899,-0.02359052749202368,0.09739616776082166,,,,1.0506137773755768,0.883062071991373,1.218165482759781,81.13333333333334,61.87141338320266,100.39525328346403
26.0,12.666666666666666,10.144883992839171,15.188449340494161,69.43333333333334,48.55787152356245,90.30879514310422,12.252432007604018,1.0611895181566489,23.443674497051386,0.0510445387945388,-0.01695965898074033,0.11904873656981788,0.008012578950155714,-0.04620704725402877,0.062232205154340206,,,,1.0216275170580411,0.8654180381553682,1.177836995960714,82.1,61.93550827519736,102.26449172480264
26.5,12.0,9.475041676162478,14.524958323837522,70.96666666666667,49.83896387069651,92.09436946263682,12.80801603099152,1.6421472909200396,23.973884771063002,-0.03944389538812915,-0.10029497025958463,0.021407179483326308,0.040348389506641026,-0.028575195415086116,0.10927197442836818,,,,1.03562588783386,0.894159432085131,1.177092343582589,82.96666666666667,62.5933974805248,103.33993585280854
27.0,11.133333333333333,9.012548491549726,13.25411817511694,70.56666666666666,47.24732000948852,93.88601332384481,19.01562050531168,-4.048914998391393,42.08015600901476,-0.04941242907419378,-0.12568109667390026,0.02685623852551268,-0.02372408691900165,-0.08346704334707704,0.03601886950907372,,,,0.9967892200219343,0.883831728303672,1.1097467117401971,81.7,59.130322715861084,104.26967728413892
27.5,11.233333333333333,9.078922116191933,13.387744550474732,73.66666666666667,48.12715276871293,99.20618056462041,21.464612364759425,-3.532593147177529,46.46181787669637,0.011045454545454546,-0.051668875481486146,0.07375978457239525,0.045683456938353156,-0.01917942967768778,0.11054634355439409,,,,1.054125522182766,0.9369709144323842,1.1712801299331475,84.9,60.22646491027043,109.57353508972957
28.0,11.333333333333334,9.085754522018902,13.580912144647765,75.63333333333334,48.834520969255834,102.43214569741085,22.14700472679028,-3.096930522424678,47.39093997600523,0.010119455707691,-0.04853283402752792,0.06877174544290994,0.04161956518315222,-0.045010857136900666,0.12824998750320507,,,,1.0970069181314352,0.9555297901006069,1.238484046162264,86.96666666666667,61.0940107128273,112.83932262050604
28.5,11.133333333333333,8.876361699383722,13.390304967282944,77.9,48.57274074341673,107.22725925658328,23.763869160937578,-4.0424792248516255,51.57021754672678,-0.001189397394692584,-0.07859438914738759,0.07621559435800243,0.02937378489712365,-0.04064409406591868,0.09939166386016599,,,,1.0674056313998252,0.9645403388764338,1.1702709239232172,89.03333333333333,60.55190065342965,117.51476601323702
29.0,10.966666666666667,8.585810193549808,13.347523139783526,80.6,50.398470487951855,110.80152951204813,26.541786987045057,-2.441429632382963,55.52500360647308,-0.01686338337233478,-0.09491977159751566,0.061193004852846095,0.04534753390144271,-0.02338942227943163,0.11408449008231705,,,,1.0700851858607643,0.9840829557274097,1.156087415994119,91.56666666666666,62.23082897022131,120.90250436311202
29.5,11.5,8.860075162818937,14.139924837181063,80.0,48.95342858966448,111.04657141033552,26.7685464990432,-2.229849059755743,55.766942057842144,0.04264715179268931,-0.01632571605827008,0.1016200196436487,-0.011372747274213573,-0.07165586486039344,0.04891037031196628,,,,1.0540852549128048,0.9699421084789049,1.1382284013467052,91.5,61.399546896808765,121.60045310319123
30.0,11.166666666666666,8.718897176523605,13.614436156809727,80.93333333333334,47.81853465756884,114.04813200909783,28.195979468874206,-2.707952334702288,59.0999112724507,-0.012161317404620675,-0.05979751255694024,0.03547487774769889,0.0036290919733022067,-0.059253366121584564,0.06651155006818897,,,,1.0808072358660192,0.9687294742672741,1.1928849974647644,92.1,60.00918627488521,124.19081372511478
30.5,11.133333333333333,8.74793744003444,13.518729226632226,80.46666666666667,46.304634051818354,114.62869928151498,28.37044783032884,-2.407940323722375,59.14883598438006,0.01995862849836018,-0.04023291221456185,0.08015016921128221,-0.006705503602018002,-0.07421461589801721,0.0608036086939812,,,,1.0741196202296603,0.9691337492646941,1.1791054911946262,91.6,58.49410763325747,124.70589236674252
31.0,10.633333333333333,8.2565191786585,13.010147488008165,82.0,46.04132397012011,117.95867602987988,33.086327720588585,-1.154392764084335,67.3270482052615,-0.041481982513480696,-0.12356193567308435,0.040597970646122965,0.023821378301298084,-0.06268263876830484,0.11032539537090098,,,,1.051715766247814,0.9479106900880032,1.1555208424076253,92.63333333333334,57.64490646139603,127.62176020527065
31.5,11.066666666666666,8.338636138200801,13.794697195132532,83.66666666666667,46.377936692998134,120.95539664033521,34.38786776423186,-1.09123632926363,69.86697185772735,0.028029968421272766,-0.03595316033008038,0.09201309717262592,0.024917133031961206,-0.03527956165302533,0.08511382771694775,,,,1.0609348679563173,0.9362447730383476,1.185624962874287,94.73333333333333,58.426435386002396,131.04023128066427
31.87815369439334,0.0,,,225.0,,,,,,-0.5,-6.853102368216048,5.853102368216048,-0.008733624454148471,-0.11970484485966892,0.102237595951372,,,,0.9736842105263158,,,225.0,,
32.0,11.689655172413794,8.81586690814023,14.563443436687358,78.6896551724138,39.94329388305485,117.43601646177274,28.465443923892202,-7.042333691276834,63.97322153906124,0.026140604846801953,-0.033341979974721644,0.08562318966832555,-0.0008959152687850881,-0.060420740126835897,0.05862890958926572,,,,1.1120600486208372,0.9775671841162168,1.2465529131254571,90.37931034482759,52.521853679076635,128.23676701057855
32.5,11.137931034482758,8.425809718451381,13.850052350514135,80.20689655172414,41.48437834838717,118.92941475506112,28.987312161019055,-6.6291020288155025,64.6037263508536,-0.020527709838054662,-0.08518703288517693,0.044131613209067604,0.03454205240556712,-0.03548676839079963,0.10457087320193385,,,,1.1347158665098949,1.0174513646046817,1.2519803684151076,91.34482758620689,53.50636768405293,129.18328748836086
33.0,11.448275862068966,8.889359321039773,14.00719240309816,79.79310344827586,41.38425809772756,118.20194879882416,35.66691487077149,-6.949357222041996,78.28318696358498,0.03973038455797076,-0.05488707690159176,0.13434784601753327,0.007965646286186671,-0.06195061592338802,0.07788190849576138,,,,1.1584848091166253,1.0303817835630953,1.2865878346701554,91.24137931034483,53.75948304933221,128.72327557135745
33.5,11.310344827586206,8.861811678273138,13.758877976899274,82.96551724137932,43.129618930303344,122.8014155524553,37.4665360220127,-6.785002978161643,81.71807502218705,-0.001294543830841471,-0.05930634893326654,0.056717261271583594,0.058160844691320594,-0.007435682017252129,0.12375737139989333,,,,1.088789815498301,0.964331725934791,1.2132479050618103,94.27586206896552,55.48207904346215,133.0696450944689
34.0,11.482758620689655,8.927814310512579,14.03770293086673,85.34482758620689,44.53879991762876,126.15085525478503,38.648829917132204,-6.793233406206667,84.09089324047105,0.009412618033307691,-0.03263710688520788,0.05146234295182327,0.04742611713463712,-0.022822021748999013,0.11767425601827324,,,,1.1087655320388128,0.9838432016374491,1.2336878624401773,96.82758620689656,57.089279708458065,136.56589270533505
34.5,11.379310344827585,8.78265187733535,13.97596881231982,87.27586206896552,45.906198999858105,128.64552513807294,40.154487404150075,-5.86922769819261,86.17820250649277,-0.015258269461856523,-0.07845265973775417,0.04793612081404114,0.030964233833177892,-0.02453291969279077,0.08646138735914656,,,,1.0853507557931654,0.9710561548451715,1.1996453567411594,98.65517241379311,58.399666328708676,138.91067849887753
35.0,11.310344827586206,9.057456025823342,13.563233629349071,87.82758620689656,45.27797353761135,130.37719887618175,41.16495996115671,-6.001693932401253,88.33161385471467,0.035145813706533344,-0.04796067580784544,0.11825230322091212,0.01465150143363854,-0.05622291913179221,0.08552592199906929,,,,1.0673325641443654,0.9599085691383588,1.1747565591503717,99.13793103448276,57.7519296179228,140.52393245104273
35.5,11.379310344827585,8.871741934058019,13.886878755597152,89.79310344827586,47.30348939792203,132.2827174986297,42.16905918441437,-4.787295315701293,89.12541368453003,-0.0026890761931329865,-0.06978528500895124,0.06440713262268526,0.02809107154352464,-0.03633083503549257,0.09251297812254185,,,,1.0610542380053778,0.9357448573779412,1.1863636186328148,101.17241379310344,59.79136401456475,142.55346357164214
35.743082473129625,0.0,,,521.0,,,,,,-0.5,-6.853102368216048,5.853102368216048,0.0048449612403100775,-0.05671610821914775,0.0664060306997679,,,,0.9586466165413534,,,521.0,,
36.0,12.178571428571429,9.31149329927027,15.045649557872588,76.67857142857143,46.11790681996132,107.23923603718154,26.20098425053782,-7.254517283740515,59.656485784816155,0.02136731200030433,-0.03552139889654202,0.07825602289715065,0.04738092683182784,-0.028096514311999006,0.12285836797565469,,,,1.0543154488767175,0.9167139179930545,1.1919169797603804,88.85714285714286,59.2822177299001,118.43206798438563
36.5,12.392857142857142,9.461840324496587,15.323873961217698,80.89285714285714,48.889301737090896,112.89641254862337,27.583703701566094,-6.9966624355260265,62.16406983865823,0.02644031563674421,-0.0502082163273498,0.10308884760083824,0.05902573318263573,-0.015222612003511805,0.13327407836878327,,,,1.0780488362275888,0.9305992516753168,1.225498420779861,93.28571428571429,62.34694704375404,124.22448152767454
37.0,11.857142857142858,9.071515989691367,14.642769724594348,82.39285714285714,48.37440749947561,116.41130678623867,29.237593835885765,-6.896628416228804,65.37181608800033,-0.025513748234336466,-0.07550341882307529,0.024475922354402376,0.01328522305694037,-0.0731918852848586,0.09976233139873933,,,,1.0834192862088956,0.944815707576608,1.2220228648411826,94.25,61.37737896104427,127.12262103895573
37.5,11.392857142857142,8.745344722349474,14.040369563364811,86.10714285714286,51.68527483503347,120.52901087925225,30.54638103124945,-5.6418173937746765,66.7345794562736,-0.020847337617523953,-0.09067591659325823,0.04898124135821032,0.06019182778816131,-0.01386697085952792,0.13425062643585056,,,,1.0718192981808123,0.9567687931619879,1.1868698031996359,97.5,64.294845521171,130.705154478829
38.0,11.607142857142858,8.930344721998699,14.283940992287016,86.28571428571429,51.699784259638925,120.87164431178965,38.24557268990499,-1.146827394333144,77.63797277414311,0.0019028642618868186,-0.09492416448174369,0.09872989300551734,0.0042590754372907125,-0.05058148505485365,0.059099635929435075,,,,1.0828066688852744,0.9766300371203523,1.188983300650196,97.89285714285714,64.67900990112038,131.1067043845939
38.5,12.214285714285714,9.455490563600133,14.973080864971294,91.5,54.68023464038164,128.31976535961837,40.91787960006813,-1.098370737325432,82.9341299374617,0.07309550353028614,-0.006446918986328695,0.15263792604690096,0.06791421754485248,-0.004539399956262333,0.14036783504596728,,,,1.107177750433538,1.0053456778868157,1.2090098229802604,103.71428571428571,68.43142737105855,138.99714405751286
39.0,11.821428571428571,8.985597902494531,14.657259240362611,93.64285714285714,53.3785795536849,133.90713473202936,44.000964958998665,-0.9028882971743784,88.9048182151717,-0.010205558524886253,-0.10710110777781182,0.08668999072803932,0.004634871450717064,-0.0728390428223021,0.08210878572373621,,,,1.1149489452576407,0.984594111612364,1.2453037789029169,105.46428571428571,66.76805254806742,144.16051888050401
39.5,11.392857142857142,8.82001699667235,13.965697289041934,97.10714285714286,54.74490885062573,139.46937686366,46.30248719573121,-0.44320005530292406,93.0481744467654,-0.016966405970341502,-0.05912409891202178,0.02519128697133877,0.028504223850819407,-0.033477154056003974,0.09048560175764278,,,,1.1407270189438912,1.0105131460225152,1.2709408918652667,108.5,67.6642468189498,149.3357531810502
40.0,10.678571428571429,8.292800190419484,13.064342666723373,101.46428571428571,57.54565224122075,145.38291918735067,48.250176577808155,0.5062063883642836,95.99414676725203,-0.019744680689001204,-0.10905520159304528,0.06956584021504288,0.037408662871463605,-0.015172037998105223,0.08998936374103243,,,,1.1753462916369568,1.0489480371203805,1.3017445461535322,112.14285714285714,69.62089232615833,154.66482195955595
40.5,10.535714285714286,8.24903570438325,12.822392867045323,104.89285714285714,60.35001328391826,149.43570100179602,49.58022440236062,1.1717072070993169,97.988741597622,0.002418044570300208,-0.054850669729811556,0.05968675887041198,0.06971848686829378,-0.043662303244881795,0.18309927698146936,,,,1.1366123028904407,1.0348283398428442,1.2383962659380368,115.42857142857143,72.26414846404226,158.59299439310058
40.8785799711449,0.0,,,334.0,,,,,,-0.5,-6.853102368216048,5.853102368216048,0.010703363914373088,-0.1252957693501906,0.1467024971789368,,,,0.9085714285714286,,,334.0,,
41.0,10.518518518518519,8.245064480358911,12.791972556678127,95.37037037037037,51.63450137659782,139.1062393641429,40.09411442466998,-5.381678148887083,85.56990699822705,-0.02535769343474882,-0.07749795122857958,0.026782564359081946,-0.03684015396597911,-0.09085885917069757,0.017178551238739348,,,,1.066128665594164,0.9707022039393249,1.161555127249003,105.88888888888889,63.38169678088959,148.39608099688817
41.5,10.925925925925926,8.715410562070808,13.136441289781043,93.88888888888889,49.33750940388044,138.44026837389734,40.16533321435282,-5.790370720487147,86.12103714919279,0.07021270910159799,-0.03607282329492213,0.1764982414981181,-0.018134691289091794,-0.0984578497116065,0.06218846713342292,,,,1.0531220472194998,0.9624465506224231,1.1437975438165768,104.81481481481481,61.5962962282021,148.0333334014275
42.0,10.88888888888889,8.780360777073785,12.997417000703994,98.48148148148148,52.843514319827676,144.11944864313529,43.49531814409266,-3.4587988806767527,90.44943516886205,0.010940242884687328,-0.06600073772003406,0.08788122348940872,0.05794341086083285,-0.00375850448162951,0.11964532620329521,,,,1.0129332211259934,0.9309105691009937,1.0949558731509936,109.37037037037037,65.15124510548674,153.589495635254
42.5,11.148148148148149,8.998991169454577,13.29730512684172,100.70370370370371,54.20030029690138,147.20710711050603,44.346228051783605,-2.963989230183138,91.65644533375036,0.033589316759251406,-0.03882353118263432,0.10600216470113713,0.02798477738697494,-0.0369244276213682,0.09289398239531808,,,,1.0289836282957154,0.9536504972860623,1.1043167593053684,111.85185185185185,66.85587147361798,156.84783223008571
42.66027361319954,0.0,,,551.0,,,,,,-0.5,-6.853102368216048,5.853102368216048,0.0,,,,,,0.9891696750902527,,,551.0,,
43.0,11.461538461538462,9.36049613221665,13.562580790860274,84.34615384615384,51.63125278560349,117.06105490670419,25.65104735008581,-1.7530500573023424,53.05514475747397,0.009786741036741034,-0.06937475751162575,0.08894823958510781,0.015326034037242474,-0.0715428148279323,0.10219488290241725,,,,1.042681238277404,0.9136293484148752,1.1717331281399324,95.8076923076923,64.52584939209352,127.0895352232911
43.5,11.807692307692308,9.497223502317068,14.118161113067549,91.0,55.51004872248853,126.48995127751147,27.316983276485537,-1.1783336814804208,55.8123002344515,0.028288911942758097,-0.0312929882709921,0.08787081215650827,0.11410763483191033,-0.023751568793344308,0.25196683845716494,,,,0.979364521686102,0.885285512408702,1.073443530963502,102.8076923076923,68.89070416303298,136.72468045235163
44.0,11.615384615384615,9.318917294372895,13.911851936396335,97.11538461538461,61.5605249445086,132.67024428626064,27.922119871387558,-0.20619584607225505,56.05043558884738,-0.001851108921244669,-0.06491748419805723,0.0612152663555679,0.10114406617310268,0.03990551136887443,0.16238262097733092,,,,0.9769341396195071,0.8762147658787184,1.0776535133602962,108.73076923076923,74.70015831864065,142.7613801428978
44.5,11.153846153846153,8.813426426238383,13.494265881453924,102.46153846153847,65.85443901394572,139.0686379091312,30.047717198830558,0.772112576879934,59.32332182078119,-0.03642247646772534,-0.10588158948748831,0.03303663655203763,0.09187418077258766,-0.008784279290413866,0.1925326408355892,,,,0.9957245760484004,0.8945263730998929,1.0969227789969078,113.61538461538461,78.34342815602074,148.8873410747485
45.0,11.307692307692308,9.012099498258763,13.603285117125854,102.53846153846153,64.52427871563314,140.55264436128994,32.430620029430756,1.2598146847971137,63.6014253740644,0.011839841445104603,-0.05586376665439265,0.07954344954460185,-0.001981350335401286,-0.05265946023158279,0.04869675956078021,,,,0.9910862022120686,0.8856203526624054,1.0965520517617318,113.84615384615384,77.30427447493271,150.38803321737498
45.5,11.0,8.755488174778328,13.244511825221672,103.53846153846153,62.122039613988136,144.95488346293493,34.15202048768225,0.9271384666905504,67.37690250867395,-0.017458334512990385,-0.07360790682915085,0.038691237803170075,-0.02139172593307668,-0.08052660748451615,0.03774315561836279,,,,0.970089799033932,0.8544023344382272,1.0857772636296368,114.53846153846153,74.50098142076854,154.57594165615453
46.0,11.115384615384615,8.881577415859887,13.349191814909343,104.1923076923077,61.16648658767709,147.2181287969383,34.462629881012234,1.02321089036257,67.90204887166189,0.041264661683213716,-0.04578921481654551,0.12831853818297292,0.0033889086204847174,-0.0618879359817001,0.06866575322266953,,,,1.0200280275148619,0.9081645089489534,1.1318915460807708,115.3076923076923,73.69422797276104,156.92115664262357
46.5,11.26923076923077,8.898709142408098,13.639752396053442,105.61538461538461,61.38649928407547,149.84426994669377,36.53176097720781,1.6136581341727307,71.44986382024288,0.008560061105309975,-0.051667577761671926,0.06878769997229188,0.0095726908687668,-0.04538391644327759,0.0645292981808112,,,,0.9797559165202088,0.8472110092623134,1.1123008237781038,116.88461538461539,74.16713420621392,159.60209656301686
47.0,11.653846153846153,9.174643093758073,14.133049213934234,105.61538461538461,59.34174375282211,151.88902547794711,37.34326010907935,1.1390182595817109,73.54750195857699,0.03928197848476486,-0.024270054675626235,0.10283401164515599,-0.024127867366411312,-0.0734678721668243,0.025212137434001674,,,,0.9895624071575901,0.8586391360146772,1.120485678300503,117.26923076923077,72.57661519214103,161.9618463463205
47.5,11.461538461538462,8.9710730107512,13.952003912325724,107.76923076923077,60.166320029413235,155.3721415090483,38.39710497835498,1.3879562066328077,75.40625375007716,0.009638899112583319,-0.0935268683447235,0.11280466656989015,0.031732964840577034,-0.022784738934640614,0.08625066861579468,,,,1.0081143840737505,0.9071711453724256,1.109057622775075,119.23076923076923,73.22227534257449,165.23926311896395
48.0,12.153846153846153,9.602645719710234,14.705046587982073,104.07692307692308,53.948359631482234,154.2054865223639,44.372730848211624,1.5814589423914072,87.16400275403184,0.05497337629690571,-0.025612135004735317,0.13555888759854673,-0.08050646472658693,-0.15243751456611765,-0.008575414887056224,,,,0.9944146944791985,0.9001668030768113,1.0886625858815855,116.23076923076923,67.82944822000583,164.63209024153264
48.5,11.846153846153847,9.378162873529723,14.31414481877797,110.42307692307692,58.412781954075896,162.43337189207796,54.275715902236655,2.7091663877068157,105.84226541676648,-0.02993871681624719,-0.09062772418305969,0.030750290550565326,0.1027147430054102,0.0025076855247122554,0.20292180048610817,,,,0.9665486832229411,0.8564896868052299,1.0766076796406523,122.26923076923077,71.9651502091314,172.57331132933015
49.0,11.846153846153847,9.184784940940899,14.507522751366794,111.76923076923077,58.46952049970962,165.06894103875192,55.79736761957975,2.7107897189358923,108.88394552022362,0.01320806608850087,-0.07918169990253404,0.10559783207953577,0.024838562427267494,-0.044820496442209604,0.09449762129674459,,,,0.9931729103365878,0.8793860121314264,1.1069598085417494,123.61538461538461,72.0400401355156,175.19072909525363
49.5,11.653846153846153,8.897915969481733,14.409776338210573,113.15384615384616,56.61173584462574,169.69595646306658,58.748617077576355,2.6535204560216314,114.84371369913106,-0.0034252248395496812,-0.07316433473115025,0.06631388505205088,-0.006843691320752318,-0.0628120425065935,0.04912465986508888,,,,0.9749410290801055,0.8621055140080296,1.0877765441521814,124.8076923076923,69.97693336008156,179.63845125530304
50.0,12.115384615384615,9.320927056148626,14.909842174620604,113.57692307692308,56.35547828628546,170.7983678675607,59.09592260743279,2.464539309439253,115.72730590542633,0.054486189610624,-0.027922810643034923,0.1368951898642829,0.003091146694910222,-0.05663555046127451,0.06281784385109496,,,,1.0173801282628614,0.9025614472064534,1.1321988093192703,125.6923076923077,70.26133782444782,181.12327756016757
50.5,12.26923076923077,8.91984044715724,15.6186210913043,113.26923076923077,54.7937835918782,171.74467794658335,59.63295900155122,2.708833821427014,116.5570841816754,0.0008356807847758094,-0.07005822772744225,0.07172958929699386,-0.013252481391829283,-0.08787725882114102,0.06137229603748247,,,,1.0207490326067978,0.9140801547294778,1.127417910484118,125.53846153846153,68.84460927743314,182.23231379948993
51.0,12.307692307692308,8.805509140829532,15.809875474555085,116.07692307692308,55.66806135644635,176.48578479739982,60.97413743254121,3.0331185908718368,118.91515627421063,0.01138892844209586,-0.06597172618319025,0.08874958306738198,0.03239468789325344,-0.028365971301734426,0.0931553470882413,,,,1.019286951230089,0.9105569946363083,1.1280169078238689,128.3846153846154,69.7507453719999,187.01848539723088
51.5,13.076923076923077,9.206266513585247,16.947579640260905,116.5,55.38336195012469,177.61663804987532,61.46288325058419,2.861210324110118,120.06455617705826,0.06323791586949482,-0.012096474987932551,0.13857230672692217,0.015767623581687044,-0.07146902429368872,0.1030042714570628,,,,1.0176097359243792,0.8965962547824768,1.1386232170662824,129.57692307692307,70.40197131702527,188.75187483682086
52.0,13.884615384615385,9.556451856333856,18.212778912896916,117.88461538461539,56.44359521804204,179.32563555118873,61.85333418596562,2.9750783599844937,120.73159001194675,0.04808136364310453,-0.026407642648279363,0.12257036993448842,0.040995979850907374,-0.04201872707516987,0.1240106867769846,,,,0.9715508645168046,0.886376104425175,1.0567256246084336,131.76923076923077,72.44029597085405,191.0981655676075
52.5,13.538461538461538,9.577303544579873,17.499619532343203,119.26923076923077,56.76602078681871,181.77244075164285,62.748586974237426,3.1558367431242402,122.34133720535061,-0.009451786518725334,-0.05184836460442181,0.03294479156697114,0.023206415582360994,-0.04961991492139518,0.09603274608611718,,,,0.9428234139073612,0.8445146631955283,1.0411321646191944,132.80769230769232,72.40875935198146,193.20662526340317
53.0,13.307692307692308,9.385375752527196,17.23000886285742,120.5,57.026284290288544,183.97371570971146,63.6083786837121,3.222562934915537,123.99419443250864,-0.0032175089867397554,-0.07480142006513701,0.06836640209165751,0.014712705420221265,-0.05853341588015931,0.08795882672060185,,,,0.9964600791300064,0.8631538515822846,1.1297663066777286,133.80769230769232,72.30789223681785,195.3074923785668
53.5,12.23076923076923,8.934898271756847,15.526640189781613,120.88461538461539,55.706375878180495,186.06285489105028,65.10069953854885,3.1413444279363247,127.06005464916137,-0.023874861610036654,-0.09367669441085097,0.045926971190777655,0.002414432092083376,-0.07805631470957883,0.08288517889374558,,,,1.0138121484410516,0.92050797638709,1.1071163204950132,133.1153846153846,69.75464619757088,196.47612303319835
53.88938886823866,0.0,,,474.0,,,,,,-0.5,-6.853102368216048,5.853102368216048,0.0031847133757961785,-0.037280906803923874,0.04365033355551623,,,,1.1160714285714286,,,474.0,,
54.0,11.88,9.092284947076546,14.667715052923455,108.2,46.33317031294309,170.06682968705692,49.59666306076493,-5.161950748284298,104.35527686981415,-0.024091864133584284,-0.11014960361856335,0.06196587535139478,0.02153581369712338,-0.04808985913482271,0.09116148652906948,,,,0.9853410874589593,0.880672797052374,1.0900093778655446,120.08,59.80039011399466,180.35960988600533
54.5,11.6,8.890600835375217,14.309399164624782,107.16,44.052308531796555,170.26769146820345,50.45655264371889,-5.644314494971681,106.55741978240945,-0.005049937234996661,-0.06828628799197102,0.058186413521977697,-0.015934435211014973,-0.07434528620399197,0.042476415781962026,,,,0.9464582105384334,0.8274413018473575,1.0654751192295087,118.76,57.19787169932931,180.3221283006707
54.83333653601271,0.0,,,489.0,,,,,,-0.5,-6.853102368216048,5.853102368216048,0.0010245901639344263,-0.01199406222995092,0.01404324255781977,,,,1.0460251046025104,,,489.0,,
55.0,12.583333333333334,10.056138317156465,15.110528349510203,92.58333333333333,36.41277736054154,148.75388930612513,32.21380818935966,-11.560505880761035,75.98812225948035,0.07575221678482548,-0.023091554198678935,0.1745959877683299,0.026664938788742338,-0.03640239617644647,0.08973227375393114,,,,0.9646799070429289,0.8433384635230659,1.0860213505627923,105.16666666666667,50.37388012393149,159.95945320940186
55.5,12.833333333333334,10.381656043054184,15.285010623612484,90.625,34.82917969840931,146.42082030159068,32.13592354802204,-12.551145961914138,76.82299305795823,0.041765294890294895,-0.03632694515525465,0.11985753493584445,-0.0044150269853806805,-0.09258491456589929,0.08375486059513793,,,,1.0306594294253226,0.9077833513966238,1.1535355074540214,103.45833333333333,49.05541128416415,157.86125538250252
56.0,12.458333333333334,10.162394959843105,14.754271706823562,90.33333333333333,34.44465773184055,146.2220089348261,32.17007673728681,-12.456200094156891,76.79635356873052,-0.0061773169068060725,-0.07938273388180503,0.0670281000681929,0.014841206369425422,-0.05839836146315523,0.08808077420200609,,,,1.0117883849291922,0.8875590525868698,1.136017717271515,102.79166666666667,48.2556695493613,157.32766378397204
56.5,12.375,10.148197032504983,14.601802967495017,92.29166666666667,34.7326388531129,149.85069448022045,33.149045653742824,-13.023084336954753,79.3211756444404,0.010531847419102324,-0.06628677787835169,0.08735047271655633,0.016691693053831568,-0.03321426501326175,0.06659765112092489,,,,0.9950316278902563,0.8707281057794118,1.1193351500011006,104.66666666666667,48.44372354790704,160.8896097854263
57.0,12.083333333333334,9.90188811792406,14.264778548742608,95.16666666666667,37.964291441545974,152.36904189178736,33.49157205489443,-12.565689942713085,79.54883405250195,-0.0033654424279424325,-0.09768201118142311,0.09095112632553826,0.0642258228325533,-0.000184045519689216,0.12863569118479584,,,,0.9796370461127569,0.8375939783026078,1.1216801139229062,107.25,51.336280916753985,163.163719083246
57.5,11.166666666666666,9.218969301142012,13.11436403219132,95.33333333333333,36.990089148920866,153.67657751774578,34.46417845498728,-13.024021814624142,81.9523787245987,-0.05060072939329905,-0.12257188249654616,0.021370423709948065,0.0017431767964630927,-0.08160316647040503,0.0850895200633312,,,,1.00503211189838,0.8887668572512265,1.1212973665455337,106.5,49.31736987016358,163.6826301298364
58.0,11.25,9.070925277239182,13.429074722760818,96.04166666666667,38.41694922930402,153.66638410402933,34.513809004501944,-12.721191559730457,81.74880956873433,0.004356475496181379,-0.058486223205674974,0.06719917419803773,0.038846344633984876,-0.05446096706410156,0.13215365633207132,,,,0.9720852697331429,0.8611604331972053,1.0830101062690807,107.29166666666667,50.84265490996728,163.74067842336606
58.5,11.041666666666666,9.106698126260321,12.976635207073011,94.875,37.1210290439693,152.62897095603068,34.5363668670654,-12.760018605375862,81.83275233950665,0.004541566022544284,-0.060482689028584,0.06956582107367257,-0.014762712996146376,-0.08935490226890747,0.059829476276614724,,,,0.9736133114717539,0.8885351206498848,1.0586915022936225,105.91666666666667,49.34741726021584,162.4859160731175
59.0,10.916666666666666,9.036821342260216,12.796511991073116,97.79166666666667,37.87378549447735,157.709547838856,35.57783852177234,-13.047014529683644,84.20269157322835,0.0018118183559360003,-0.06486785549912351,0.0684914922109955,0.04153514756428688,-0.025976157055160702,0.10904645218373446,,,,1.0001175162207392,0.9156225902914424,1.0846124421500358,108.70833333333333,49.94078833317926,167.4758783334874
59.5,10.958333333333334,9.276276294487989,12.640390372178679,95.625,35.99051536592196,155.25948463407804,35.31039995883746,-14.050392701367535,84.67119261904244,0.04201042013542013,-0.05369820479513152,0.1377190450659718,-0.007567376887231868,-0.08834461760157744,0.0732098638271137,,,,0.9474218701676795,0.8692552555224815,1.0255884848128776,106.58333333333333,48.095400157107704,165.07126650955894
60.0,10.458333333333334,8.755662548943981,12.161004117722687,96.125,35.76813015788264,156.48186984211736,35.98879384504385,-14.257650259902398,86.23523794999008,-0.03711413518398813,-0.10124694709391877,0.02701867672594254,0.007321911069047587,-0.046805311403218273,0.06144913354131345,,,,1.0006596206646492,0.8916731950544217,1.1096460462748763,106.58333333333333,47.28374345387267,165.882923212794
60.5,10.125,8.481013147457528,11.768986852542472,95.08333333333333,34.76852995075107,155.3981367159156,35.8913654328128,-14.096717778698995,85.87944864432458,-0.015022487724693607,-0.08864164509946246,0.058596669650075255,-0.015148736746792875,-0.07713453701874276,0.046837063525157006,,,,1.028251531662191,0.8990412104442704,1.157461852880112,105.20833333333333,45.90285257390022,164.51381409276644
61.0,9.583333333333334,8.158606697371876,11.008059969294791,98.70833333333333,37.32239295265098,160.09427371401569,37.42108880702631,-14.248911451729782,89.09108906578238,-0.021903784568258252,-0.10896156298503389,0.06515399384851737,0.07314507113383943,-0.007365823715814568,0.15365596598349343,,,,1.0340047905656762,0.9090101767601566,1.1589994043711962,108.29166666666667,47.89137720067948,168.69195613265387
61.5,9.25,7.834371328322333,10.665628671677666,98.08333333333333,36.441124888917244,159.7255417777494,37.56729416416916,-13.966029116938458,89.10061744527678,-0.027947631072631072,-0.08243814148591207,0.026542879340649913,0.011527575740902558,-0.06646915064207022,0.08952430212387534,,,,1.0195763376455498,0.9159660600155446,1.1231866152755545,107.33333333333333,46.629207173124655,168.037459493542
62.0,9.833333333333334,8.164289165815065,11.502377500851603,96.5,34.11980758579882,158.8801924142012,37.45434549916458,-14.871770574766614,89.78046157309576,0.06147874116624116,-0.010944054231543293,0.13390153656402562,-0.01649745962322666,-0.08710796826959968,0.05411304902314637,,,,1.0788848480064666,0.9244102814992128,1.2333594145137203,106.33333333333333,44.95153698578965,167.715129680877
62.5,10.0,8.16572713624403,11.83427286375597,94.5,32.04776840952566,156.95223159047436,37.421793831168834,-15.196452538497269,90.04004020083494,0.014185677261335156,-0.05201138600935079,0.0803827405320211,-0.026141102048638596,-0.07793469455703682,0.025652490459759644,,,,1.0119881344415929,0.864266045929964,1.1597102229532221,104.5,43.08520648581141,165.9147935141886
63.0,10.291666666666666,8.309203123348418,12.274130209984914,93.16666666666667,28.549014261212108,157.78431907212124,38.04292767113491,-16.5629672622591,92.64882260452893,0.02729226791726792,-0.02678986667325647,0.0813744025077923,-0.03624141746210159,-0.12324908451805919,0.050766249593855985,,,,1.0161794586411388,0.8647938758703984,1.1675650414118797,103.45833333333333,39.88908268049018,167.02758398617647
63.5,10.083333333333334,7.963163428306428,12.20350323836024,94.95833333333333,30.480023451374265,159.4366432152924,38.503473424723424,-16.452402164791927,93.45934901423877,-0.022294886521860208,-0.07452734138133466,0.029937568337614233,0.051209396556061854,-0.016988936245105953,0.11940772935722968,,,,0.9892922398429497,0.8624870944423695,1.1160973852435299,105.04166666666667,41.56999200425449,168.51334132907886
64.0,10.916666666666666,8.54127599208396,13.292057341249372,93.79166666666667,27.555638921306254,160.02769441202707,38.73210293587132,-17.51489842887885,94.97910430062149,0.09243160774410775,-0.009143248545372934,0.19400646403358843,-0.026480233895600617,-0.0932448733245921,0.04028440553339087,,,,1.015043392767362,0.8538762358404383,1.1762105496942854,104.70833333333333,39.576025119433,169.84064154723364
64.5,11.083333333333334,8.877151717366697,13.28951494929997,94.79166666666667,29.950252847222615,159.6330804861107,38.10378277201194,-16.79126581176903,92.9988313557929,0.04135313216195569,-0.03084112875932829,0.11354739308323969,0.053214934778617586,-0.02964622873021934,0.13607609828745454,,,,0.9501429259150681,0.8258918682559127,1.074393983574223,105.875,42.19093303627832,169.55906696372168
65.0,10.541666666666666,8.661563611483087,12.421769721850245,97.75,33.754700176092534,161.74529982390746,38.633109717402476,-16.209658146480713,93.47587758128566,-0.03450430742097408,-0.08643253214448039,0.017423917302532232,0.07204218255193644,0.003620574259217274,0.14046379084465566,,,,0.9389310575942368,0.8339542354567383,1.0439078797317347,108.29166666666667,45.40012148091879,171.18321185241456
65.5,11.0,8.861323574692646,13.138676425307354,99.04166666666667,34.996932769249725,163.08640056408362,38.30438296170204,-16.210354890956005,92.81912081436008,0.08193993506493506,-0.06447195439225566,0.22835182452212577,0.04013319351731542,-0.04596429776058668,0.12623068479521754,,,,0.9945841009616875,0.8724483935931353,1.1167198083302396,110.04166666666667,47.1189427258331,172.96439060750023
66.0,11.5,9.214143175754808,13.785856824245192,100.95833333333333,36.22634941608669,165.69031725057997,37.88398817134305,-15.783194198290623,91.55117054097673,0.05961619399119399,-0.0351906355982965,0.1544230235806845,0.0312504534735367,-0.04479009235269795,0.10729099929977134,,,,1.0326897964165147,0.9068657552934084,1.158513837539621,112.45833333333333,48.82143498187103,176.09523168479564
66.5,12.166666666666666,9.865037355907347,14.468295977425985,102.5,37.702716323601564,167.29728367639842,41.40992524484373,-14.324497555205568,97.14434804489301,0.09715339485076328,-0.05720905577825189,0.25151584547977845,0.029085011776419267,-0.026115942114541605,0.08428596566738014,,,,1.0197480186862828,0.9062175362616879,1.1332785011108777,114.66666666666667,51.07709128912263,178.25624204421072
67.0,11.958333333333334,9.725735539912677,14.190931126753991,98.95833333333333,32.605658330792934,165.31100833587374,41.75340687895036,-14.618773769025431,98.12558752692615,-0.005088372275872275,-0.06320737847575196,0.05303063392400741,-0.050814990063627614,-0.13878370872636445,0.03715372859910923,,,,1.0338144892864574,0.9392238840892788,1.128405094483636,110.91666666666667,45.8453952945022,175.98793803883115
67.5,12.458333333333334,10.12887379908123,14.787792867585438,101.79166666666667,35.52346002937631,168.05987330395703,42.3011281848598,-14.904261114255668,99.5065174839753,0.05339978057369362,-0.014714114537859667,0.12151367568524687,0.06882229034055325,-0.006123067450309327,0.14376764813141582,,,,1.0951095995799396,0.9713651713601452,1.2188540277997344,114.25,49.40867335973519,179.0913266402648
68.0,13.041666666666666,10.606447986755047,15.476885346578285,100.33333333333333,34.46811762946439,166.19854903720227,54.153965336134455,-17.359203568249107,125.66713424051801,0.04599262822168832,-0.04842088866449438,0.14040614510787103,-0.017183181635035603,-0.07939144432587808,0.045025081055806875,,,,1.1139759884251956,1.0081687771729442,1.219783199677447,113.375,49.04771962212216,177.70228037787786
68.5,13.833333333333334,11.222399628447961,16.444267038218708,99.29166666666667,33.82811831735616,164.75521501597717,53.48058438422603,-17.470931829268025,124.4321005977201,0.06196199633699634,-0.009317644074948887,0.13324163674894157,-0.006870626408462452,-0.08432491161013919,0.0705836587932143,,,,1.1388126745505442,1.028022487438687,1.2496028616624006,113.125,49.256045935038685,176.99395406496131
69.0,14.75,11.709477159086937,17.790522840913063,100.70833333333333,33.29231770158786,168.1243489650788,54.7391257930303,-18.326112285062187,127.80436387112275,0.061743685665899294,-0.004117255899218304,0.1276046272310169,0.023389749499051524,-0.04703376764711695,0.09381326664522,,,,1.0702694403259183,0.9956338356638008,1.1449050449880358,115.45833333333333,49.73223324584963,181.18443342081702
69.5,14.125,10.757670829418622,17.492329170581378,105.08333333333333,37.4605951879859,172.70607147868077,55.83350213363186,-17.874867451799865,129.54187171906358,-0.04352642837750129,-0.11894160918882371,0.03188875243382113,0.09759454720203153,0.012196356924101079,0.18299273747996198,,,,1.0681602176578895,0.9615620252315351,1.1747584100842439,119.20833333333333,53.190598577677605,185.22606808898905
70.0,14.458333333333334,10.868873134173787,18.04779353249288,102.33333333333333,34.10015671555992,170.56650995110675,55.93157795140497,-18.15372738759983,130.01688329040974,0.04267540276344456,-0.05762198447746269,0.1429727900043518,-0.031064726423509336,-0.09398201039874708,0.0318525575517284,,,,1.002343775659891,0.894408806023568,1.110278745296214,116.79166666666667,50.27113422386702,183.31219910946632
70.5,13.416666666666666,10.40003493247738,16.43329840085595,102.20833333333333,33.882586310465925,170.53408035620072,56.208660325241205,-17.96574271763756,130.38306336811996,-0.041777980187833776,-0.10814260905126721,0.024586648675599655,0.010550308755329975,-0.050157915816303834,0.07125853332696377,,,,1.0437445916459083,0.9126162374320226,1.1748729458597944,115.625,48.8903941767136,182.35960582328642
71.0,12.791666666666666,10.165006346636277,15.418326986697055,102.04166666666667,33.83578484387566,170.2475484894577,56.063678025525284,-17.871063982532306,129.99842003358287,-0.02247581138845525,-0.06980470599901999,0.024853083222109485,0.0012689874933875338,-0.07389306149899723,0.0764310364857723,,,,1.0593712653977632,0.9334556990588123,1.1852868317367145,114.83333333333333,48.124538770919756,181.5421278957469
71.5,11.375,9.183287712953284,13.566712287046716,102.79166666666667,33.755814765541146,171.8275185677922,57.13655914930586,-17.64162466953711,131.91474296814886,-0.08558218928187968,-0.14376681143871534,-0.027397567125044077,0.026001693081343077,-0.049814307117981044,0.1018176932806672,,,,1.0912280897258313,0.9595023655785413,1.2229538138731209,114.16666666666667,46.44921421817814,181.88411911515522
72.0,10.875,8.561123240420976,13.188876759579024,101.04166666666667,31.854101415994535,170.2292319173388,57.27291207817524,-17.49410625501301,132.03993041136349,-0.03913332038332038,-0.11577213704335404,0.03750549627671326,-0.004552163236479316,-0.09122331652153204,0.0821189900485734,,,,1.098162359942285,0.9535245553623297,1.2428001645222402,111.91666666666667,43.980990910336516,179.85234242299683
72.5,10.583333333333334,8.380668480945697,12.78599818572097,99.5,31.068811503903063,167.93118849609692,56.732881123506125,-17.18923718882776,130.65499943584,0.001594121034910509,-0.08658266889338784,0.08977091096320886,-0.0007986698640502424,-0.07117360578805426,0.06957626605995379,,,,1.0983802094720523,0.9503106877907992,1.2464497311533054,110.08333333333333,42.88045816119377,177.28620850547287
73.0,10.583333333333334,8.356167747495363,12.810498919171305,101.79166666666667,32.95204981438984,170.63128351894352,57.31915856134606,-17.140018371748553,131.77833549444068,0.0037303552928552946,-0.04877938324932029,0.056240093835030876,0.04316082229772423,-0.042003763908976456,0.12832540850442492,,,,1.1266482986683217,0.9481629681171115,1.3051336292195328,112.375,44.76041390080928,179.98958609919072
73.5,10.458333333333334,8.561808358319334,12.354858308347334,102.33333333333333,32.03506336623633,172.63160330043033,58.140927937802935,-17.721635491427527,134.0034913670334,0.02982353294853295,-0.06240882267429361,0.1220558885713595,0.005056476562422977,-0.07463820996408643,0.08475116308893241,,,,1.0755649221620822,0.9529769081050634,1.1981529362191015,112.79166666666667,43.70799332320526,181.87534001012807
74.0,10.25,8.606307900817592,11.893692099182408,105.45833333333333,34.32215876450556,176.5945079021611,59.097957540145046,-17.83899943822051,136.03491451851062,0.020156926406926404,-0.07294403401808663,0.11325788683193944,0.06300935756656519,-0.025079525519389648,0.15109824065252003,,,,1.060775486465132,0.9449196943240129,1.1766312786062512,115.70833333333333,45.77295696618691,185.64370970047975
74.5,10.375,8.597336798898889,12.152663201101111,108.70833333333333,39.17350164061071,178.24316502605595,58.77196576571577,-17.075996675520123,134.61992820695164,0.009686609686609685,-0.038819753694719863,0.05819297306793923,0.09391206740901738,0.020458652205691708,0.16736548261234302,,,,1.040939825597461,0.9191748513748598,1.1627047998200617,119.08333333333333,50.764514988263485,187.4021516784032
75.0,10.541666666666666,8.314283538159398,12.769049795173935,108.16666666666667,36.30611748936644,180.0272158439669,60.168854467291965,-17.749695521638067,138.08740445622198,0.012369227994227993,-0.0824852083936742,0.1072236643821302,-0.025687226398077617,-0.07325284208809489,0.021878389291939675,,,,1.0149298410425638,0.8715000899557308,1.1583595921293968,118.70833333333333,48.07080170603845,189.3458649606282
75.5,10.875,8.56447607936325,13.18552392063675,108.0,35.05550396156836,180.94449603843162,60.63742258898509,-18.28016248955938,139.55500766752954,0.031329896954896956,-0.024370725505342958,0.08703051941513687,-0.009404938798815357,-0.06499245664470699,0.04618257904707628,,,,1.0239642807838771,0.8418869974961931,1.2060415640715607,118.875,47.1896867447505,190.5603132552495
76.0,10.833333333333334,8.750979976753955,12.915686689912713,106.16666666666667,32.99681850947742,179.3365148238559,60.236146723646726,-18.550343393802216,139.02263684109568,0.019391256891256894,-0.048499833755830245,0.08728234753834402,-0.031845423978414465,-0.10286619133248531,0.039175343375656375,,,,1.099781893810652,0.9191378672520575,1.2804259203692463,117.0,45.07891874555925,188.92108125444076
76.5,10.958333333333334,9.023364792926989,12.893301873739679,105.33333333333333,33.02345933409036,177.6432073325763,59.265194860966915,-18.57905160005297,137.10944132198682,0.03083964646464647,-0.0393820313882723,0.10106132431756522,-0.004299273265256064,-0.07383743586805609,0.06523888933754397,,,,1.1188595948315039,0.9447219108235806,1.292997278839427,116.29166666666667,45.18813916263569,187.39519417069766
77.0,11.791666666666666,9.602903997115567,13.980429336217766,107.20833333333333,35.434431654694095,178.98223501197256,58.69028257622008,-18.667472627338782,136.04803777977895,0.07634074123044711,-0.003403377992671014,0.15608486045356523,0.03533119962976383,-0.03525674268146373,0.10591914194099139,,,,1.0768558511281032,0.9267892904294491,1.2269224118267574,119.0,48.4523532585296,189.5476467414704
77.5,12.791666666666666,10.22471379933232,15.358619534001011,104.75,34.32837153848534,175.17162846151467,57.52514704346651,-18.59516379252102,133.64545787945406,0.07864328958078957,0.003961492416178533,0.15332508674540063,9.571044461990283e-05,-0.05107560820783925,0.05126702909707905,,,,1.0513001062803207,0.929024799748634,1.1735754128120073,117.54166666666667,48.487512978160396,186.59582035517295
78.0,12.083333333333334,9.571523170052146,14.595143496614522,102.875,31.75328494210912,173.99671505789087,58.24665169918766,-18.349460717046703,134.84276411542203,-0.0604547674332891,-0.0959962840070189,-0.024913250859559317,-0.017339007161413324,-0.0927073294818891,0.05802931515906247,,,,1.0839076421635558,0.9260292610336868,1.2417860232934248,114.95833333333333,45.15766030933979,184.75900635732688
78.5,11.75,9.164177986976199,14.335822013023801,105.83333333333333,36.341082937359474,175.3255837293072,58.11782805769938,-17.331921491972643,133.5675776073714,-0.013875150673424331,-0.08540946432806072,0.05765916298121206,0.0927261153066289,0.026957882196408503,0.15849434841684934,,,,1.0313861683623171,0.8860435604514445,1.1767287762731893,117.58333333333333,49.39843253023267,185.768234136434
79.0,11.416666666666666,8.708805562105928,14.124527771227404,106.79166666666667,38.60368900130693,174.9796443320264,58.05604122525079,-16.21968539861109,132.33176784911268,-0.03224178599178599,-0.09347179487432909,0.028988222890757115,0.04234990727721799,-0.026945890511335793,0.11164570506577177,,,,1.0568295613902587,0.9268013419217984,1.1868577808587195,118.20833333333333,51.27222828594577,185.14443838072089
79.5,11.833333333333334,9.134792814485108,14.53187385218156,102.45833333333333,33.51833628503363,171.39833038163303,57.64887423736108,-16.88676970434379,132.18451817906595,0.05101574283559577,-0.005530073610843414,0.10756155928203495,-0.07367203482834496,-0.12848192903019823,-0.018862140626491705,,,,1.072208135369232,0.9316679785572851,1.2127482921811792,114.29166666666667,46.70957431469296,181.87375901864038
80.0,11.958333333333334,9.423289767451221,14.493376899215447,103.04166666666667,33.244547823977115,172.83878550935623,58.16737397730076,-17.0847549589702,133.41950291357173,0.066042078048657,-0.05456589707892076,0.18665005317623473,0.00926243916937197,-0.0835455968155778,0.10207047515432174,,,,1.0938772385857087,0.973645802778876,1.2141086743925409,115.0,46.605640027736015,183.394359972264
80.5,12.583333333333334,9.665991746601296,15.500674920065372,105.66666666666667,35.53478432885905,175.7985490044743,58.843403661786006,-16.902367646442315,134.5891749700143,0.048595649834508065,-0.016945014942221392,0.11413631461123752,0.07068998596251576,-0.04569494683979121,0.18707491876482274,,,,1.11400151451103,0.9826707263486123,1.2453323026734469,118.25,49.6540341789415,186.84596582105848
81.0,12.875,9.50077114660191,16.24922885339809,106.0,36.76779507120801,175.232204928792,58.63358476758174,-16.38852792950268,133.65569746466613,0.008054236363059894,-0.06332714846887963,0.07943562119499942,0.03920180610285317,-0.031210324407604656,0.10961393661331101,,,,1.0455357296495806,0.9549777485036995,1.1360937107954618,118.875,51.23662691169994,186.51337308830006
81.5,12.666666666666666,9.81993536951428,15.513397963819052,108.29166666666667,40.08044292638516,176.50289040694818,58.487114995570884,-15.612801180324318,132.58703117146607,0.004575224411175482,-0.05606233842425991,0.06521278724661088,0.047775005613102585,-0.012856864821344224,0.1084068760475494,,,,1.0412289889132536,0.9351962139485123,1.147261763877995,120.95833333333333,54.350626330453295,187.56604033621335
81.83582472744618,0.0,,,652.0,,,,,,-0.5,-6.853102368216048,5.853102368216048,-0.005311077389984826,-0.07279471407816741,0.06217255929819777,,,,1.0632911392405062,,,652.0,,
82.0,12.73913043478261,10.237206743535559,15.24105412602966,87.21739130434783,36.89434958978986,137.5404330189058,34.66608502324615,-19.601596195149668,88.93376624164199,-0.01728265676980174,-0.08868320337934235,0.054117889839738864,0.05275624880407615,-0.046704057799805354,0.15221655540795767,,,,1.0616395243712329,0.9487256663799994,1.1745533823624663,99.95652173913044,50.93180438743428,148.9812390908266
82.5,12.869565217391305,10.313572806061991,15.425557628720618,88.78260869565217,38.18768597356052,139.37753141774382,35.108602402144605,-19.3360288492308,89.55323365352,0.027302961318306587,-0.04695486509335545,0.10156078772996863,0.03765359091805964,-0.0384343406020913,0.11374152243821059,,,,1.068005664310208,0.9761993982585048,1.159811930361911,101.65217391304348,52.385127633176396,150.9192201929106
83.0,12.08695652173913,9.552307372734528,14.621605670743733,91.47826086956522,39.96764420442064,142.9888775347098,36.35138804432283,-18.8434875851976,91.54626367384324,-0.056669516899695925,-0.11356404634022987,0.0002250125408379891,0.032220842450028785,-0.011651122891843939,0.0760928077919015,,,,1.1042437056718049,1.0218970573394144,1.1865903540041953,103.56521739130434,53.29002105627223,153.84041372633646
83.47046194312699,0.0,,,607.0,,,,,,-0.5,-6.853102368216048,5.853102368216048,0.0008250825082508251,-0.00965858476603308,0.01130874978253473,,,,1.167857142857143,,,607.0,,
83.5,11.91304347826087,9.318733798251397,14.507353158270341,93.82608695652173,42.69710893536599,144.95506497767747,36.73661208204522,-17.91445391692715,91.38767808101758,0.0014851694199520284,-0.11095475157020974,0.1139250904101138,0.0410480076620472,-0.013191013584879292,0.09528702890897367,,,,1.1016119994004112,1.0022067783566075,1.2010172204442149,105.73913043478261,55.82323675982373,155.65502410974148
84.0,12.272727272727273,9.76394009756945,14.781514447885097,72.54545454545455,52.235872619396226,92.85503647151288,11.638561919398017,-0.29345993641151225,23.57058377520755,0.0046198278814775584,-0.08251781611412508,0.09175747187708021,0.015227152000544187,-0.0526984875760023,0.08315279157709068,,,,1.1330935521510628,0.998626163599633,1.2675609407024935,84.81818181818181,65.48046128587582,104.1559023504878
84.5,11.590909090909092,9.46385625069764,13.717961931120543,72.95454545454545,50.498201700502776,95.41088920858813,12.270824155048755,-0.7457325352841728,25.287380845381676,-0.030750748369203076,-0.09540931527306921,0.033907818534663084,0.0026778976960692424,-0.07160396563531513,0.07695976102745361,,,,1.138224269805599,1.020604351112892,1.2558441884983063,84.54545454545455,62.89853549521473,106.19237359569436
85.0,11.636363636363637,9.38577132465386,13.886955948073414,73.68181818181819,49.360419585269085,98.00321677836729,12.889146014803911,-1.3029304068768397,27.081222436484655,0.016269982245918076,-0.06817377827406569,0.10071374276590185,0.03408788172128725,-0.06098154904258419,0.1291573124851587,,,,1.093594434639394,0.9995786568865723,1.1876102123922156,85.31818181818181,61.826116646704044,108.81024698965959
85.5,11.636363636363637,9.650956196227037,13.621771076500236,71.9090909090909,45.469330052161666,98.34885176602015,13.040536042240587,-2.2766341913003068,28.35770627578148,0.037893499376752966,-0.052300020737712415,0.12808701949121834,-0.026312392665887797,-0.08788184054899556,0.03525705521721994,,,,1.108686857711573,0.9980428594826993,1.219330855940447,83.54545454545455,58.03959803277226,109.05131105813683
86.0,11.772727272727273,9.570970096485311,13.974484448969235,71.45454545454545,43.60742280919368,99.30166809989723,13.264047612330755,-2.673733395187016,29.20182861984852,0.01325429620884166,-0.0626119046691516,0.08912049708683493,-0.0006201085457141335,-0.08846324193945432,0.08722302484802605,,,,1.066566827887021,0.986286875204605,1.1468467805694371,83.22727272727273,56.28944260195837,110.1651028525871
86.5,11.0,8.943015923979594,13.056984076020406,72.63636363636364,43.303774588339465,101.96895268438782,14.103734629272907,-2.477118646800049,30.684587905345865,-0.0552126376922324,-0.11695765440080158,0.006532379016336784,0.014118701677946611,-0.05057062209069206,0.07880802544658529,,,,1.1136317397262412,1.0108764933169576,1.2163869861355252,83.63636363636364,55.14560288685198,112.1271243858753
87.0,11.409090909090908,8.913482684398181,13.904699133783636,75.5909090909091,46.55046970969131,104.63134847212687,15.411115070547242,-1.419227575092675,32.241457716187156,0.016168261562998408,-0.07186232999631724,0.10419885312231407,0.05660376673786993,-0.012759230146743288,0.12596676362248313,,,,1.0954656428111758,1.0006838903570132,1.1902473952653387,87.0,58.661292008585576,115.33870799141442
87.5,11.545454545454545,8.939500125341102,14.151408965567988,74.86363636363636,43.0833706956229,106.64390203164982,18.906455034864123,-1.4873956745407426,39.30030574426899,0.01454357905596296,-0.10604322330562231,0.13513038141754824,-0.019970917198593053,-0.09400040708643892,0.05405857268925279,,,,1.0876449699082948,0.9898895069217588,1.1854004328948309,86.4090909090909,55.49048396708156,117.32769785110025
88.0,11.818181818181818,8.936206358045698,14.700157278317938,77.22727272727273,44.122983440251886,110.33156201429358,29.775517727222276,-8.938446627854372,68.4894820822989,0.011408036408036405,-0.08922674321260791,0.11204281602868073,0.0322689490720426,-0.03958022079393264,0.10411811893801784,,,,1.10444257816823,1.0048987240451117,1.2039864322913485,89.04545454545455,56.973101146121614,121.11780794478747
88.5,12.909090909090908,9.255719829984212,16.562461988197605,78.22727272727273,42.849503663164825,113.60504179138064,31.38009666276454,-9.632272499796667,72.39246582532576,0.07262718342263796,-0.02421765871356836,0.16947202555884433,0.004792337287241415,-0.06016877227619581,0.06975344685067865,,,,1.1014739011929013,0.9887672626480237,1.214180539737779,91.13636363636364,56.906713960217154,125.36601331251012
89.0,13.181818181818182,9.531709666040536,16.831926697595826,75.86363636363636,36.75859932526567,114.96867340200706,33.6542811453733,-10.927342891654646,78.23590518240124,0.040141170585816684,-0.030049752917305238,0.1103320940889386,-0.05949945947199595,-0.12933505080386967,0.010336131859877772,,,,1.1012961530626026,0.9695008558471716,1.2330914502780337,89.04545454545455,51.40753600507643,126.68337308583267
89.5,12.681818181818182,9.16027999896893,16.203356364667435,77.4090909090909,36.95949503696193,117.85868678121989,35.10759465729804,-10.836109569408485,81.05129888400458,-0.026651000795251987,-0.07326125372062761,0.019959252130123648,0.01665235791368906,-0.057159737779710194,0.0904644536070883,,,,1.1398769171694474,0.9893419863710387,1.2904118479678561,90.0909090909091,51.08351474621681,129.0983034356014
90.0,12.409090909090908,8.929610434400898,15.888571383780919,77.72727272727273,36.38598609087889,119.06855936366658,35.82455082361039,-10.97517702566747,82.62427867288824,0.005367038128085134,-0.0900749545636119,0.10080903081978217,0.0109457946769431,-0.06355895038646646,0.08545053974035265,,,,1.096748197766751,0.9643677909716526,1.22912860456185,90.13636363636364,50.26491630715236,130.00781096557492
90.5,11.590909090909092,8.507985266435849,14.673832915382334,80.81818181818181,37.408231636148635,124.228132000215,37.798119226834395,-11.240117865761412,86.8363563194302,-0.03251193033716544,-0.11020575990005987,0.04518189922572899,0.049260108034941366,-0.03946297012343293,0.13798318619331568,,,,1.0602241720638725,0.9324025896574242,1.188045754470321,92.4090909090909,50.37896544899217,134.43921636918964
91.0,11.454545454545455,8.688282130460394,14.220808778630516,81.22727272727273,36.18346275601316,126.27108269853231,38.67841863657023,-11.992119242224462,89.34895651536492,0.029069683326649266,-0.07487772313670676,0.1330170897900053,0.01238532936713398,-0.07494949322857831,0.09972015196284627,,,,1.035821089153479,0.9238331652640576,1.1478090130429002,92.68181818181819,49.04007824061725,136.32355812301913
91.5,11.227272727272727,8.602689292841927,13.851856161703527,80.81818181818181,34.73973204799661,126.89663158836701,39.28290964953363,-12.336273443361925,90.90209274242918,-0.0007255754785399057,-0.07288629468876398,0.07143514373168416,-0.008371227809785897,-0.07455050512852031,0.057808049508948516,,,,1.1166343874609317,0.9986347375273127,1.2346340373945506,92.04545454545455,47.29802699408051,136.79288209682858
92.0,12.227272727272727,9.270598711240307,15.183946743305146,81.68181818181819,33.540062619782375,129.823573743854,40.00485477639843,-13.626826772244584,93.63653632504146,0.09265763741840295,0.001532649339663239,0.18378262549714272,0.009416260222720997,-0.058333296677220654,0.07716581712266266,,,,1.0675728829983095,0.9695683796344919,1.1655773863621273,93.9090909090909,47.19503414486138,140.62314767332043
92.5,12.0,8.900901408632388,15.099098591367612,82.0,32.911531710215264,131.08846828978474,41.098059799031205,-13.311906108454025,95.50802570651642,-0.026811701856649304,-0.07112347110209516,0.017500067388796548,-0.005903899586748037,-0.08460853451011496,0.07280073533661888,,,,1.0103020980957025,0.9205631949630866,1.100041001228318,94.0,46.35850897605011,141.6414910239499
93.0,11.636363636363637,8.668270659251036,14.604456613476238,85.63636363636364,34.73935490262941,136.53337237009788,42.60489542023633,-13.948593703126605,99.15838454359927,-0.004040721416087986,-0.0982891008275113,0.09020765799533534,0.08163227311385225,-0.013529752960680833,0.17679429918838535,,,,0.9775930752881794,0.8937365774292705,1.0614495731470879,97.27272727272727,47.743405400847074,146.80204914460745
93.5,11.772727272727273,8.707243132114012,14.838211413340535,88.0,34.06507538903742,141.93492461096258,44.40062942108397,-15.26891235887576,104.07017120104368,0.021034394898031262,-0.059015997842274244,0.10108478763833678,0.03143435026480644,-0.05524868758251098,0.11811738811212386,,,,0.9871735337555605,0.8978753353249476,1.076471732186173,99.77272727272727,47.13463615029712,152.4108183951574
94.0,11.727272727272727,8.882746409848295,14.571799044697158,90.04545454545455,35.784097981213336,144.30681110969576,44.59072451622322,-15.576719823317966,104.75816885576441,0.06600318873046146,-0.1020415999498944,0.23404797741081731,0.04182614883185467,-0.020314044295282108,0.10396634195899146,,,,0.9975081613389246,0.9008065061872458,1.0942098164906038,101.77272727272727,48.793581726368366,154.75187281908617
94.42666645476923,0.0,,,586.0,,,,,,-0.5,-6.853102368216048,5.853102368216048,0.003436426116838488,-0.04022750768533366,0.04710035991901064,,,,1.027681660899654,,,586.0,,
94.5,12.476190476190476,9.620342404552046,15.332038547828907,68.61904761904762,44.075037158438306,93.16305807965693,18.788760257405215,-10.134194073928477,47.711714588738914,0.048578233894465646,-0.07201076319073868,0.16916723097966999,0.06071620557858249,-0.041245944473399805,0.16267835563056476,1.4570913213770358,0.9869462088740628,1.9272364338800088,0.9649215034505085,0.8377298269006076,1.0921131800004096,81.0952380952381,57.208623199519955,104.98185299095624
95.0,12.428571428571429,9.515427963808847,15.34171489333401,67.47619047619048,40.077933383071105,94.87444756930987,19.913994822279438,-11.500941824464483,51.32893146902337,0.0024204106662089873,-0.08863198934634879,0.09347281067876677,-0.036922600367410414,-0.09004761142024548,0.016202410685424655,1.6775687275687274,0.9380698324918865,2.4170676226455683,0.9916336443633137,0.8619594111789262,1.121307877547701,79.9047619047619,53.20035409578266,106.60916971374114
95.5,12.428571428571429,9.39350765710899,15.463635200033867,65.9047619047619,36.441363835831254,95.36815997369254,20.689663643235072,-12.935175988512555,54.3145032749827,0.009394134837138126,-0.051514790277749065,0.07030305995202532,-0.028624372863642306,-0.09674504030602633,0.03949629457874172,1.7796592296592295,0.9914144205537259,2.5679040387647336,1.0273898860109203,0.8882973796111314,1.166482392410709,78.33333333333333,49.611555631640584,107.05511103502607
95.75910089160045,0.0,,,345.0,,,,,,-0.5,-6.853102368216048,5.853102368216048,0.0029154518950437317,-0.03412887678260086,0.03995978057268833,,,,1.116564417177914,,,345.0,,
96.0,14.05,10.615926196356574,17.484073803643426,51.5,46.66597050877946,56.33402949122054,4.317145490205835,3.536482078985837,5.097808901425833,0.0846482683982684,-0.0115650502780755,0.18086158707461228,0.009138621946004715,-0.06549077453748874,0.08376801842949817,1.6393040293040293,1.0046830659225017,2.273924992685557,1.0704517076855864,0.8973934090928016,1.2435100062783713,65.55,58.42550152127932,72.67449847872068
96.5,14.3,10.90772381070832,17.69227618929168,49.4,45.47137773979171,53.328622260208284,4.042369700019785,3.35124542730823,4.73349397273134,0.02734498100877411,-0.032363845038574764,0.08705380705612298,-0.019570598136466243,-0.10927608386381935,0.07013488759088685,1.460390687743629,1.1661402911319838,1.7546410843552738,1.1014937883408513,0.9194050029996728,1.2835825736820299,63.7,57.36954685240441,70.0304531475956
97.0,14.15,10.942263407466184,17.357736592533815,52.2,45.49716130423387,58.902838695766135,4.404838724194299,3.414937397560219,5.39474005082838,0.006446697459628492,-0.07965545775289944,0.09254885267215641,0.07640123805965451,-0.08300086670503487,0.2358033428243439,1.4353582202111614,1.0963590553800207,1.7743573850423018,1.0597818628756883,0.8748278329539404,1.2447358927974361,66.35,58.541803600436346,74.15819639956364
97.5,14.75,11.163541011402463,18.336458988597535,55.95,47.682554985087364,64.21744501491264,4.7338423078081515,3.559611310349716,5.908073305266587,0.03266533781746763,-0.0263600555101262,0.09169073114506146,0.06981641412489008,0.011714037289082567,0.12791879096069758,1.3192939005439004,0.9739924457156957,1.6645953553721051,0.9987953010147654,0.8515703977092435,1.1460202043202874,70.7,61.65782499267807,79.74217500732193
98.0,15.3,10.978179400592586,19.621820599407414,52.6,45.94064411276942,59.25935588723058,4.517566522430224,3.404217134540894,5.630915910319554,0.019565342679669053,-0.057657942364768226,0.09678862772410632,-0.040533340592014605,-0.12386267915945547,0.042795997975426256,1.4679222901281723,1.0841987465810952,1.8516458336752495,0.980125521899215,0.8413753298275043,1.1188757139709258,67.9,60.32772146859646,75.47227853140356
98.5,15.6,10.770981227039911,20.429018772960088,52.95,47.69331553988182,58.20668446011818,4.686560609362669,3.463897523146456,5.909223695578883,0.0037129883507214913,-0.06281855304167988,0.07024452974312287,0.031224936369580163,-0.045803544503770895,0.10825341724293122,1.4569924812030075,1.1058436039041188,1.8081413585018962,0.9461322204665675,0.7913446722377602,1.100919768695375,68.55,61.71622205778132,75.38377794221867
99.0,15.45,10.48891948429861,20.41108051570139,55.0,49.14661859183098,60.85338140816902,5.039029121854245,3.443524063328257,6.634534180380234,0.0012916439649849286,-0.10149256992034889,0.10407585785031873,0.047155105532502725,-0.026855944588619104,0.12116615565362458,1.3653401423138265,1.121200371035944,1.609479913591709,0.9720440736195004,0.8183617313722898,1.1257264158667104,70.45,62.91958994981462,77.98041005018538
99.5,15.15,10.513722330520082,19.78627766947992,56.25,50.28372198750676,62.21627801249324,5.260920260800715,3.531693365128463,6.990147156472968,0.004549351715607874,-0.07872837935495965,0.08782708278617539,0.033709834050797645,-0.037777535800797804,0.10519720390239311,,,,1.0155387426976161,0.8495496678836184,1.1815278175116135,71.4,64.1935699008646,78.60643009913541
100.0,13.6,10.047371335281348,17.15262866471865,53.5,47.11803761762733,59.88196238237267,4.972213957540045,3.632500855504609,6.3119270595754795,-0.03912863004179188,-0.1453634810474922,0.06710622096390845,-0.04239233670599678,-0.12085001648003597,0.03606534306804242,,,,1.0066920161502704,0.8948007637182166,1.1185832685823236,67.1,59.41738766420538,74.78261233579461
100.5,5.0,,,29.0,,,5.8,,,0.0,,,0.0,,,0.25,,,1.4166666666666667,,,34.0,,
